Name	Media ref	Defined	Minimal	Type	Compounds (compound_id;minFlux;maxFlux;concentration)
Nitrogen-L-Pyroglutamic-Acid	262/6/1	1	1	biolog	cpd00027;-100;5;0.001	cpd01293;-100;5;0.001	cpd00009;-100;5;0.001	cpd00048;-100;5;0.001	cpd00063;-100;100;0.001	cpd00011;-100;0;0.001	cpd10516;-100;100;0.001	cpd00067;-100;100;0.001	cpd00001;-100;100;0.001	cpd00205;-100;100;0.001	cpd00254;-100;100;0.001	cpd00971;-100;100;0.001	cpd00007;-100;100;0.001	cpd00099;-100;100;0.001	cpd00058;-100;100;0.001	cpd00149;-100;100;0.001	cpd00030;-100;100;0.001	cpd00034;-100;100;0.001	cpd10515;-100;100;0.001	
Nitrogen-Nitrite	262/12/1	1	1	biolog	cpd00027;-100;5;0.001	cpd00075;-100;5;0.001	cpd00009;-100;5;0.001	cpd00048;-100;5;0.001	cpd00063;-100;100;0.001	cpd00011;-100;0;0.001	cpd10516;-100;100;0.001	cpd00067;-100;100;0.001	cpd00001;-100;100;0.001	cpd00205;-100;100;0.001	cpd00254;-100;100;0.001	cpd00971;-100;100;0.001	cpd00007;-100;100;0.001	cpd00099;-100;100;0.001	cpd00058;-100;100;0.001	cpd00149;-100;100;0.001	cpd00030;-100;100;0.001	cpd00034;-100;100;0.001	cpd10515;-100;100;0.001	
Nitrogen-Xanthine	262/13/1	1	1	biolog	cpd00027;-100;5;0.001	cpd00309;-100;5;0.001	cpd00009;-100;5;0.001	cpd00048;-100;5;0.001	cpd00063;-100;100;0.001	cpd00011;-100;0;0.001	cpd10516;-100;100;0.001	cpd00067;-100;100;0.001	cpd00001;-100;100;0.001	cpd00205;-100;100;0.001	cpd00254;-100;100;0.001	cpd00971;-100;100;0.001	cpd00007;-100;100;0.001	cpd00099;-100;100;0.001	cpd00058;-100;100;0.001	cpd00149;-100;100;0.001	cpd00030;-100;100;0.001	cpd00034;-100;100;0.001	cpd10515;-100;100;0.001	
Nitrogen-L-Glutamine	262/19/1	1	1	biolog	cpd00027;-100;5;0.001	cpd00053;-100;5;0.001	cpd00009;-100;5;0.001	cpd00048;-100;5;0.001	cpd00063;-100;100;0.001	cpd00011;-100;0;0.001	cpd10516;-100;100;0.001	cpd00067;-100;100;0.001	cpd00001;-100;100;0.001	cpd00205;-100;100;0.001	cpd00254;-100;100;0.001	cpd00971;-100;100;0.001	cpd00007;-100;100;0.001	cpd00099;-100;100;0.001	cpd00058;-100;100;0.001	cpd00149;-100;100;0.001	cpd00030;-100;100;0.001	cpd00034;-100;100;0.001	cpd10515;-100;100;0.001	
Nitrogen-b-Phenylethylamine	262/21/1	1	1	biolog	cpd00027;-100;5;0.001	cpd03161;-100;5;0.001	cpd00009;-100;5;0.001	cpd00048;-100;5;0.001	cpd00063;-100;100;0.001	cpd00011;-100;100;0.001	cpd10516;-100;100;0.001	cpd00067;-100;100;0.001	cpd00001;-100;100;0.001	cpd00205;-100;100;0.001	cpd00254;-100;100;0.001	cpd00971;-100;100;0.001	cpd00007;-100;100;0.001	cpd00099;-100;100;0.001	cpd00058;-100;100;0.001	cpd00149;-100;100;0.001	cpd00030;-100;100;0.001	cpd00034;-100;100;0.001	cpd10515;-100;100;0.001	
Nitrogen-L-Proline	262/25/1	1	1	biolog	cpd00027;-100;5;0.001	cpd00129;-100;5;0.001	cpd00009;-100;5;0.001	cpd00048;-100;5;0.001	cpd00063;-100;100;0.001	cpd00011;-100;0;0.001	cpd10516;-100;100;0.001	cpd00067;-100;100;0.001	cpd00001;-100;100;0.001	cpd00205;-100;100;0.001	cpd00254;-100;100;0.001	cpd00971;-100;100;0.001	cpd00007;-100;100;0.001	cpd00099;-100;100;0.001	cpd00058;-100;100;0.001	cpd00149;-100;100;0.001	cpd00030;-100;100;0.001	cpd00034;-100;100;0.001	cpd10515;-100;100;0.001	
Nitrogen-Glycine	262/26/1	1	1	biolog	cpd00027;-100;5;0.001	cpd00033;-100;5;0.001	cpd00009;-100;5;0.001	cpd00048;-100;5;0.001	cpd00063;-100;100;0.001	cpd00011;-100;0;0.001	cpd10516;-100;100;0.001	cpd00067;-100;100;0.001	cpd00001;-100;100;0.001	cpd00205;-100;100;0.001	cpd00254;-100;100;0.001	cpd00971;-100;100;0.001	cpd00007;-100;100;0.001	cpd00099;-100;100;0.001	cpd00058;-100;100;0.001	cpd00149;-100;100;0.001	cpd00030;-100;100;0.001	cpd00034;-100;100;0.001	cpd10515;-100;100;0.001	
Nitrogen-Nitrate	262/27/1	1	1	biolog	cpd00027;-100;5;0.001	cpd00209;-100;5;0.001	cpd00009;-100;5;0.001	cpd00048;-100;5;0.001	cpd00063;-100;100;0.001	cpd00011;-100;0;0.001	cpd10516;-100;100;0.001	cpd00067;-100;100;0.001	cpd00001;-100;100;0.001	cpd00205;-100;100;0.001	cpd00254;-100;100;0.001	cpd00971;-100;100;0.001	cpd00007;-100;100;0.001	cpd00099;-100;100;0.001	cpd00058;-100;100;0.001	cpd00149;-100;100;0.001	cpd00030;-100;100;0.001	cpd00034;-100;100;0.001	cpd10515;-100;100;0.001	
Nitrogen-L-Asparagine	262/35/1	1	1	biolog	cpd00027;-100;5;0.001	cpd00132;-100;5;0.001	cpd00009;-100;5;0.001	cpd00048;-100;5;0.001	cpd00063;-100;100;0.001	cpd00011;-100;0;0.001	cpd10516;-100;100;0.001	cpd00067;-100;100;0.001	cpd00001;-100;100;0.001	cpd00205;-100;100;0.001	cpd00254;-100;100;0.001	cpd00971;-100;100;0.001	cpd00007;-100;100;0.001	cpd00099;-100;100;0.001	cpd00058;-100;100;0.001	cpd00149;-100;100;0.001	cpd00030;-100;100;0.001	cpd00034;-100;100;0.001	cpd10515;-100;100;0.001	
Nitrogen-L-Tyrosine	262/39/1	1	1	biolog	cpd00027;-100;5;0.001	cpd00069;-100;5;0.001	cpd00009;-100;5;0.001	cpd00048;-100;5;0.001	cpd00063;-100;100;0.001	cpd00011;-100;0;0.001	cpd10516;-100;100;0.001	cpd00067;-100;100;0.001	cpd00001;-100;100;0.001	cpd00205;-100;100;0.001	cpd00254;-100;100;0.001	cpd00971;-100;100;0.001	cpd00007;-100;100;0.001	cpd00099;-100;100;0.001	cpd00058;-100;100;0.001	cpd00149;-100;100;0.001	cpd00030;-100;100;0.001	cpd00034;-100;100;0.001	cpd10515;-100;100;0.001	
Nitrogen-Ala-Asp	262/40/1	1	1	biolog	cpd00027;-100;5;0.001	cpd11593;-100;5;0.001	cpd00009;-100;5;0.001	cpd00048;-100;5;0.001	cpd00063;-100;100;0.001	cpd00011;-100;0;0.001	cpd10516;-100;100;0.001	cpd00067;-100;100;0.001	cpd00001;-100;100;0.001	cpd00205;-100;100;0.001	cpd00254;-100;100;0.001	cpd00971;-100;100;0.001	cpd00007;-100;100;0.001	cpd00099;-100;100;0.001	cpd00058;-100;100;0.001	cpd00149;-100;100;0.001	cpd00030;-100;100;0.001	cpd00034;-100;100;0.001	cpd10515;-100;100;0.001	
Nitrogen-Inosine	262/45/1	1	1	biolog	cpd00027;-100;5;0.001	cpd00246;-100;5;0.001	cpd00009;-100;5;0.001	cpd00048;-100;5;0.001	cpd00063;-100;100;0.001	cpd00011;-100;0;0.001	cpd10516;-100;100;0.001	cpd00067;-100;100;0.001	cpd00001;-100;100;0.001	cpd00205;-100;100;0.001	cpd00254;-100;100;0.001	cpd00971;-100;100;0.001	cpd00007;-100;100;0.001	cpd00099;-100;100;0.001	cpd00058;-100;100;0.001	cpd00149;-100;100;0.001	cpd00030;-100;100;0.001	cpd00034;-100;100;0.001	cpd10515;-100;100;0.001	
Nitrogen-Ethylamine	262/63/1	1	1	biolog	cpd00027;-100;5;0.001	cpd00591;-100;5;0.001	cpd00009;-100;5;0.001	cpd00048;-100;5;0.001	cpd00063;-100;100;0.001	cpd00011;-100;0;0.001	cpd10516;-100;100;0.001	cpd00067;-100;100;0.001	cpd00001;-100;100;0.001	cpd00205;-100;100;0.001	cpd00254;-100;100;0.001	cpd00971;-100;100;0.001	cpd00007;-100;100;0.001	cpd00099;-100;100;0.001	cpd00058;-100;100;0.001	cpd00149;-100;100;0.001	cpd00030;-100;100;0.001	cpd00034;-100;100;0.001	cpd10515;-100;100;0.001	
Nitrogen-Cytidine	262/66/1	1	1	biolog	cpd00027;-100;5;0.001	cpd00367;-100;5;0.001	cpd00009;-100;5;0.001	cpd00048;-100;5;0.001	cpd00063;-100;100;0.001	cpd00011;-100;0;0.001	cpd10516;-100;100;0.001	cpd00067;-100;100;0.001	cpd00001;-100;100;0.001	cpd00205;-100;100;0.001	cpd00254;-100;100;0.001	cpd00971;-100;100;0.001	cpd00007;-100;100;0.001	cpd00099;-100;100;0.001	cpd00058;-100;100;0.001	cpd00149;-100;100;0.001	cpd00030;-100;100;0.001	cpd00034;-100;100;0.001	cpd10515;-100;100;0.001	
Nitrogen-L-Aspartic-Acid	262/71/1	1	1	biolog	cpd00027;-100;5;0.001	cpd00041;-100;5;0.001	cpd00009;-100;5;0.001	cpd00048;-100;5;0.001	cpd00063;-100;100;0.001	cpd00011;-100;0;0.001	cpd10516;-100;100;0.001	cpd00067;-100;100;0.001	cpd00001;-100;100;0.001	cpd00205;-100;100;0.001	cpd00254;-100;100;0.001	cpd00971;-100;100;0.001	cpd00007;-100;100;0.001	cpd00099;-100;100;0.001	cpd00058;-100;100;0.001	cpd00149;-100;100;0.001	cpd00030;-100;100;0.001	cpd00034;-100;100;0.001	cpd10515;-100;100;0.001	
Nitrogen-D-Glutamic-Acid	262/87/1	1	1	biolog	cpd00027;-100;5;0.001	cpd00186;-100;5;0.001	cpd00009;-100;5;0.001	cpd00048;-100;5;0.001	cpd00063;-100;100;0.001	cpd00011;-100;0;0.001	cpd10516;-100;100;0.001	cpd00067;-100;100;0.001	cpd00001;-100;100;0.001	cpd00205;-100;100;0.001	cpd00254;-100;100;0.001	cpd00971;-100;100;0.001	cpd00007;-100;100;0.001	cpd00099;-100;100;0.001	cpd00058;-100;100;0.001	cpd00149;-100;100;0.001	cpd00030;-100;100;0.001	cpd00034;-100;100;0.001	cpd10515;-100;100;0.001	
Nitrogen-Acetamide	262/96/1	1	1	biolog	cpd00027;-100;5;0.001	cpd03734;-100;5;0.001	cpd00009;-100;5;0.001	cpd00048;-100;5;0.001	cpd00063;-100;100;0.001	cpd00011;-100;0;0.001	cpd10516;-100;100;0.001	cpd00067;-100;100;0.001	cpd00001;-100;100;0.001	cpd00205;-100;100;0.001	cpd00254;-100;100;0.001	cpd00971;-100;100;0.001	cpd00007;-100;100;0.001	cpd00099;-100;100;0.001	cpd00058;-100;100;0.001	cpd00149;-100;100;0.001	cpd00030;-100;100;0.001	cpd00034;-100;100;0.001	cpd10515;-100;100;0.001	
Nitrogen-Ala-Glu	262/100/1	1	1	biolog	cpd00027;-100;5;0.001	cpd11586;-100;5;0.001	cpd00009;-100;5;0.001	cpd00048;-100;5;0.001	cpd00063;-100;100;0.001	cpd00011;-100;0;0.001	cpd10516;-100;100;0.001	cpd00067;-100;100;0.001	cpd00001;-100;100;0.001	cpd00205;-100;100;0.001	cpd00254;-100;100;0.001	cpd00971;-100;100;0.001	cpd00007;-100;100;0.001	cpd00099;-100;100;0.001	cpd00058;-100;100;0.001	cpd00149;-100;100;0.001	cpd00030;-100;100;0.001	cpd00034;-100;100;0.001	cpd10515;-100;100;0.001	
Nitrogen-N-Acetyl-D-Mannosamine	262/101/1	1	1	biolog	cpd00027;-100;5;0.001	cpd00492;-100;5;0.001	cpd00009;-100;5;0.001	cpd00048;-100;5;0.001	cpd00063;-100;100;0.001	cpd00011;-100;0;0.001	cpd10516;-100;100;0.001	cpd00067;-100;100;0.001	cpd00001;-100;100;0.001	cpd00205;-100;100;0.001	cpd00254;-100;100;0.001	cpd00971;-100;100;0.001	cpd00007;-100;100;0.001	cpd00099;-100;100;0.001	cpd00058;-100;100;0.001	cpd00149;-100;100;0.001	cpd00030;-100;100;0.001	cpd00034;-100;100;0.001	cpd10515;-100;100;0.001	
Nitrogen-Adenosine	262/102/1	1	1	biolog	cpd00027;-100;5;0.001	cpd00182;-100;5;0.001	cpd00009;-100;5;0.001	cpd00048;-100;5;0.001	cpd00063;-100;100;0.001	cpd00011;-100;0;0.001	cpd10516;-100;100;0.001	cpd00067;-100;100;0.001	cpd00001;-100;100;0.001	cpd00205;-100;100;0.001	cpd00254;-100;100;0.001	cpd00971;-100;100;0.001	cpd00007;-100;100;0.001	cpd00099;-100;100;0.001	cpd00058;-100;100;0.001	cpd00149;-100;100;0.001	cpd00030;-100;100;0.001	cpd00034;-100;100;0.001	cpd10515;-100;100;0.001	
Nitrogen-L-Valine	262/105/1	1	1	biolog	cpd00027;-100;5;0.001	cpd00156;-100;5;0.001	cpd00009;-100;5;0.001	cpd00048;-100;5;0.001	cpd00063;-100;100;0.001	cpd00011;-100;0;0.001	cpd10516;-100;100;0.001	cpd00067;-100;100;0.001	cpd00001;-100;100;0.001	cpd00205;-100;100;0.001	cpd00254;-100;100;0.001	cpd00971;-100;100;0.001	cpd00007;-100;100;0.001	cpd00099;-100;100;0.001	cpd00058;-100;100;0.001	cpd00149;-100;100;0.001	cpd00030;-100;100;0.001	cpd00034;-100;100;0.001	cpd10515;-100;100;0.001	
Nitrogen-Uracil	262/106/1	1	1	biolog	cpd00027;-100;5;0.001	cpd00092;-100;5;0.001	cpd00009;-100;5;0.001	cpd00048;-100;5;0.001	cpd00063;-100;100;0.001	cpd00011;-100;0;0.001	cpd10516;-100;100;0.001	cpd00067;-100;100;0.001	cpd00001;-100;100;0.001	cpd00205;-100;100;0.001	cpd00254;-100;100;0.001	cpd00971;-100;100;0.001	cpd00007;-100;100;0.001	cpd00099;-100;100;0.001	cpd00058;-100;100;0.001	cpd00149;-100;100;0.001	cpd00030;-100;100;0.001	cpd00034;-100;100;0.001	cpd10515;-100;100;0.001	
Nitrogen-L-Isoleucine	262/111/1	1	1	biolog	cpd00027;-100;5;0.001	cpd00322;-100;5;0.001	cpd00009;-100;5;0.001	cpd00048;-100;5;0.001	cpd00063;-100;100;0.001	cpd00011;-100;0;0.001	cpd10516;-100;100;0.001	cpd00067;-100;100;0.001	cpd00001;-100;100;0.001	cpd00205;-100;100;0.001	cpd00254;-100;100;0.001	cpd00971;-100;100;0.001	cpd00007;-100;100;0.001	cpd00099;-100;100;0.001	cpd00058;-100;100;0.001	cpd00149;-100;100;0.001	cpd00030;-100;100;0.001	cpd00034;-100;100;0.001	cpd10515;-100;100;0.001	
Nitrogen-Ala-Leu	262/112/1	1	1	biolog	cpd00027;-100;5;0.001	cpd11583;-100;5;0.001	cpd00009;-100;5;0.001	cpd00048;-100;5;0.001	cpd00063;-100;100;0.001	cpd00011;-100;0;0.001	cpd10516;-100;100;0.001	cpd00067;-100;100;0.001	cpd00001;-100;100;0.001	cpd00205;-100;100;0.001	cpd00254;-100;100;0.001	cpd00971;-100;100;0.001	cpd00007;-100;100;0.001	cpd00099;-100;100;0.001	cpd00058;-100;100;0.001	cpd00149;-100;100;0.001	cpd00030;-100;100;0.001	cpd00034;-100;100;0.001	cpd10515;-100;100;0.001	
Nitrogen-L-Alanine	262/123/1	1	1	biolog	cpd00027;-100;5;0.001	cpd00035;-100;5;0.001	cpd00009;-100;5;0.001	cpd00048;-100;5;0.001	cpd00063;-100;100;0.001	cpd00011;-100;0;0.001	cpd10516;-100;100;0.001	cpd00067;-100;100;0.001	cpd00001;-100;100;0.001	cpd00205;-100;100;0.001	cpd00254;-100;100;0.001	cpd00971;-100;100;0.001	cpd00007;-100;100;0.001	cpd00099;-100;100;0.001	cpd00058;-100;100;0.001	cpd00149;-100;100;0.001	cpd00030;-100;100;0.001	cpd00034;-100;100;0.001	cpd10515;-100;100;0.001	
Nitrogen-Urea	262/128/1	1	1	biolog	cpd00027;-100;5;0.001	cpd00073;-100;5;0.001	cpd00009;-100;5;0.001	cpd00048;-100;5;0.001	cpd00063;-100;100;0.001	cpd00011;-100;0;0.001	cpd10516;-100;100;0.001	cpd00067;-100;100;0.001	cpd00001;-100;100;0.001	cpd00205;-100;100;0.001	cpd00254;-100;100;0.001	cpd00971;-100;100;0.001	cpd00007;-100;100;0.001	cpd00099;-100;100;0.001	cpd00058;-100;100;0.001	cpd00149;-100;100;0.001	cpd00030;-100;100;0.001	cpd00034;-100;100;0.001	cpd10515;-100;100;0.001	
Nitrogen-L-Cysteine	262/132/1	1	1	biolog	cpd00027;-100;5;0.001	cpd00084;-100;5;0.001	cpd00009;-100;5;0.001	cpd00048;-100;5;0.001	cpd00063;-100;100;0.001	cpd00011;-100;0;0.001	cpd10516;-100;100;0.001	cpd00067;-100;100;0.001	cpd00001;-100;100;0.001	cpd00205;-100;100;0.001	cpd00254;-100;100;0.001	cpd00971;-100;100;0.001	cpd00007;-100;100;0.001	cpd00099;-100;100;0.001	cpd00058;-100;100;0.001	cpd00149;-100;100;0.001	cpd00030;-100;100;0.001	cpd00034;-100;100;0.001	cpd10515;-100;100;0.001	
Nitrogen-g-Amino-N-Butyric-Acid	262/144/1	1	1	biolog	cpd00027;-100;5;0.001	cpd00281;-100;5;0.001	cpd00009;-100;5;0.001	cpd00048;-100;5;0.001	cpd00063;-100;100;0.001	cpd00011;-100;0;0.001	cpd10516;-100;100;0.001	cpd00067;-100;100;0.001	cpd00001;-100;100;0.001	cpd00205;-100;100;0.001	cpd00254;-100;100;0.001	cpd00971;-100;100;0.001	cpd00007;-100;100;0.001	cpd00099;-100;100;0.001	cpd00058;-100;100;0.001	cpd00149;-100;100;0.001	cpd00030;-100;100;0.001	cpd00034;-100;100;0.001	cpd10515;-100;100;0.001	
Nitrogen-D-Lysine	262/153/1	1	1	biolog	cpd00027;-100;5;0.001	cpd00549;-100;5;0.001	cpd00009;-100;5;0.001	cpd00048;-100;5;0.001	cpd00063;-100;100;0.001	cpd00011;-100;0;0.001	cpd10516;-100;100;0.001	cpd00067;-100;100;0.001	cpd00001;-100;100;0.001	cpd00205;-100;100;0.001	cpd00254;-100;100;0.001	cpd00971;-100;100;0.001	cpd00007;-100;100;0.001	cpd00099;-100;100;0.001	cpd00058;-100;100;0.001	cpd00149;-100;100;0.001	cpd00030;-100;100;0.001	cpd00034;-100;100;0.001	cpd10515;-100;100;0.001	
Nitrogen-N-Acetyl-D-Glucosamine	262/155/1	1	1	biolog	cpd00027;-100;5;0.001	cpd00122;-100;5;0.001	cpd00009;-100;5;0.001	cpd00048;-100;5;0.001	cpd00063;-100;100;0.001	cpd00011;-100;0;0.001	cpd10516;-100;100;0.001	cpd00067;-100;100;0.001	cpd00001;-100;100;0.001	cpd00205;-100;100;0.001	cpd00254;-100;100;0.001	cpd00971;-100;100;0.001	cpd00007;-100;100;0.001	cpd00099;-100;100;0.001	cpd00058;-100;100;0.001	cpd00149;-100;100;0.001	cpd00030;-100;100;0.001	cpd00034;-100;100;0.001	cpd10515;-100;100;0.001	
Nitrogen-Thymidine	262/156/1	1	1	biolog	cpd00027;-100;5;0.001	cpd00184;-100;5;0.001	cpd00009;-100;5;0.001	cpd00048;-100;5;0.001	cpd00063;-100;100;0.001	cpd00011;-100;0;0.001	cpd10516;-100;100;0.001	cpd00067;-100;100;0.001	cpd00001;-100;100;0.001	cpd00205;-100;100;0.001	cpd00254;-100;100;0.001	cpd00971;-100;100;0.001	cpd00007;-100;100;0.001	cpd00099;-100;100;0.001	cpd00058;-100;100;0.001	cpd00149;-100;100;0.001	cpd00030;-100;100;0.001	cpd00034;-100;100;0.001	cpd10515;-100;100;0.001	
Nitrogen-N-Acetyl-D-Galactosamine	262/165/1	1	1	biolog	cpd00027;-100;5;0.001	cpd00832;-100;5;0.001	cpd00009;-100;5;0.001	cpd00048;-100;5;0.001	cpd00063;-100;100;0.001	cpd00011;-100;0;0.001	cpd10516;-100;100;0.001	cpd00067;-100;100;0.001	cpd00001;-100;100;0.001	cpd00205;-100;100;0.001	cpd00254;-100;100;0.001	cpd00971;-100;100;0.001	cpd00007;-100;100;0.001	cpd00099;-100;100;0.001	cpd00058;-100;100;0.001	cpd00149;-100;100;0.001	cpd00030;-100;100;0.001	cpd00034;-100;100;0.001	cpd10515;-100;100;0.001	
Nitrogen-D-Asparagine	262/168/1	1	1	biolog	cpd00027;-100;5;0.001	cpd01308;-100;5;0.001	cpd00009;-100;5;0.001	cpd00048;-100;5;0.001	cpd00063;-100;100;0.001	cpd00011;-100;0;0.001	cpd10516;-100;100;0.001	cpd00067;-100;100;0.001	cpd00001;-100;100;0.001	cpd00205;-100;100;0.001	cpd00254;-100;100;0.001	cpd00971;-100;100;0.001	cpd00007;-100;100;0.001	cpd00099;-100;100;0.001	cpd00058;-100;100;0.001	cpd00149;-100;100;0.001	cpd00030;-100;100;0.001	cpd00034;-100;100;0.001	cpd10515;-100;100;0.001	
Nitrogen-L-Citrulline	262/169/1	1	1	biolog	cpd00027;-100;5;0.001	cpd00274;-100;5;0.001	cpd00009;-100;5;0.001	cpd00048;-100;5;0.001	cpd00063;-100;100;0.001	cpd00011;-100;0;0.001	cpd10516;-100;100;0.001	cpd00067;-100;100;0.001	cpd00001;-100;100;0.001	cpd00205;-100;100;0.001	cpd00254;-100;100;0.001	cpd00971;-100;100;0.001	cpd00007;-100;100;0.001	cpd00099;-100;100;0.001	cpd00058;-100;100;0.001	cpd00149;-100;100;0.001	cpd00030;-100;100;0.001	cpd00034;-100;100;0.001	cpd10515;-100;100;0.001	
Nitrogen-D-Valine	262/176/1	1	1	biolog	cpd00027;-100;5;0.001	cpd03840;-100;5;0.001	cpd00009;-100;5;0.001	cpd00048;-100;5;0.001	cpd00063;-100;100;0.001	cpd00011;-100;0;0.001	cpd10516;-100;100;0.001	cpd00067;-100;100;0.001	cpd00001;-100;100;0.001	cpd00205;-100;100;0.001	cpd00254;-100;100;0.001	cpd00971;-100;100;0.001	cpd00007;-100;100;0.001	cpd00099;-100;100;0.001	cpd00058;-100;100;0.001	cpd00149;-100;100;0.001	cpd00030;-100;100;0.001	cpd00034;-100;100;0.001	cpd10515;-100;100;0.001	
Nitrogen-Guanine	262/178/1	1	1	biolog	cpd00027;-100;5;0.001	cpd00207;-100;5;0.001	cpd00009;-100;5;0.001	cpd00048;-100;5;0.001	cpd00063;-100;100;0.001	cpd00011;-100;0;0.001	cpd10516;-100;100;0.001	cpd00067;-100;100;0.001	cpd00001;-100;100;0.001	cpd00205;-100;100;0.001	cpd00254;-100;100;0.001	cpd00971;-100;100;0.001	cpd00007;-100;100;0.001	cpd00099;-100;100;0.001	cpd00058;-100;100;0.001	cpd00149;-100;100;0.001	cpd00030;-100;100;0.001	cpd00034;-100;100;0.001	cpd10515;-100;100;0.001	
Nitrogen-D-Alanine	262/180/1	1	1	biolog	cpd00027;-100;5;0.001	cpd00117;-100;5;0.001	cpd00009;-100;5;0.001	cpd00048;-100;5;0.001	cpd00063;-100;100;0.001	cpd00011;-100;0;0.001	cpd10516;-100;100;0.001	cpd00067;-100;100;0.001	cpd00001;-100;100;0.001	cpd00205;-100;100;0.001	cpd00254;-100;100;0.001	cpd00971;-100;100;0.001	cpd00007;-100;100;0.001	cpd00099;-100;100;0.001	cpd00058;-100;100;0.001	cpd00149;-100;100;0.001	cpd00030;-100;100;0.001	cpd00034;-100;100;0.001	cpd10515;-100;100;0.001	
Nitrogen-D-Serine	262/183/1	1	1	biolog	cpd00027;-100;5;0.001	cpd00550;-100;5;0.001	cpd00009;-100;5;0.001	cpd00048;-100;5;0.001	cpd00063;-100;100;0.001	cpd00011;-100;0;0.001	cpd10516;-100;100;0.001	cpd00067;-100;100;0.001	cpd00001;-100;100;0.001	cpd00205;-100;100;0.001	cpd00254;-100;100;0.001	cpd00971;-100;100;0.001	cpd00007;-100;100;0.001	cpd00099;-100;100;0.001	cpd00058;-100;100;0.001	cpd00149;-100;100;0.001	cpd00030;-100;100;0.001	cpd00034;-100;100;0.001	cpd10515;-100;100;0.001	
Nitrogen-Ala-Gly	262/194/1	1	1	biolog	cpd00027;-100;5;0.001	cpd11585;-100;5;0.001	cpd00009;-100;5;0.001	cpd00048;-100;5;0.001	cpd00063;-100;100;0.001	cpd00011;-100;0;0.001	cpd10516;-100;100;0.001	cpd00067;-100;100;0.001	cpd00001;-100;100;0.001	cpd00205;-100;100;0.001	cpd00254;-100;100;0.001	cpd00971;-100;100;0.001	cpd00007;-100;100;0.001	cpd00099;-100;100;0.001	cpd00058;-100;100;0.001	cpd00149;-100;100;0.001	cpd00030;-100;100;0.001	cpd00034;-100;100;0.001	cpd10515;-100;100;0.001	
Nitrogen-L-Ornithine	262/196/1	1	1	biolog	cpd00027;-100;5;0.001	cpd00064;-100;5;0.001	cpd00009;-100;5;0.001	cpd00048;-100;5;0.001	cpd00063;-100;100;0.001	cpd00011;-100;0;0.001	cpd10516;-100;100;0.001	cpd00067;-100;100;0.001	cpd00001;-100;100;0.001	cpd00205;-100;100;0.001	cpd00254;-100;100;0.001	cpd00971;-100;100;0.001	cpd00007;-100;100;0.001	cpd00099;-100;100;0.001	cpd00058;-100;100;0.001	cpd00149;-100;100;0.001	cpd00030;-100;100;0.001	cpd00034;-100;100;0.001	cpd10515;-100;100;0.001	
Nitrogen-Met-Ala	262/221/1	1	1	biolog	cpd00027;-100;5;0.001	cpd11590;-100;5;0.001	cpd00009;-100;5;0.001	cpd00048;-100;5;0.001	cpd00063;-100;100;0.001	cpd00011;-100;0;0.001	cpd10516;-100;100;0.001	cpd00067;-100;100;0.001	cpd00001;-100;100;0.001	cpd00205;-100;100;0.001	cpd00254;-100;100;0.001	cpd00971;-100;100;0.001	cpd00007;-100;100;0.001	cpd00099;-100;100;0.001	cpd00058;-100;100;0.001	cpd00149;-100;100;0.001	cpd00030;-100;100;0.001	cpd00034;-100;100;0.001	cpd10515;-100;100;0.001	
Nitrogen-L-Homoserine	262/226/1	1	1	biolog	cpd00027;-100;5;0.001	cpd00227;-100;5;0.001	cpd00009;-100;5;0.001	cpd00048;-100;5;0.001	cpd00063;-100;100;0.001	cpd00011;-100;0;0.001	cpd10516;-100;100;0.001	cpd00067;-100;100;0.001	cpd00001;-100;100;0.001	cpd00205;-100;100;0.001	cpd00254;-100;100;0.001	cpd00971;-100;100;0.001	cpd00007;-100;100;0.001	cpd00099;-100;100;0.001	cpd00058;-100;100;0.001	cpd00149;-100;100;0.001	cpd00030;-100;100;0.001	cpd00034;-100;100;0.001	cpd10515;-100;100;0.001	
Nitrogen-Uric-Acid	262/238/2	1	1	biolog	cpd00027;-100;5;0.001	cpd00300;-100;5;0.001	cpd00009;-100;5;0.001	cpd00048;-100;5;0.001	cpd00063;-100;100;0.001	cpd00011;-100;0;0.001	cpd10516;-100;100;0.001	cpd00067;-100;100;0.001	cpd00001;-100;100;0.001	cpd00205;-100;100;0.001	cpd00254;-100;100;0.001	cpd00971;-100;100;0.001	cpd00007;-100;100;0.001	cpd00099;-100;100;0.001	cpd00058;-100;100;0.001	cpd00149;-100;100;0.001	cpd00030;-100;100;0.001	cpd00034;-100;100;0.001	cpd10515;-100;100;0.001	
Nitrogen-Tyramine	262/242/2	1	1	biolog	cpd00027;-100;5;0.001	cpd00374;-100;5;0.001	cpd00009;-100;5;0.001	cpd00048;-100;5;0.001	cpd00063;-100;100;0.001	cpd00011;-100;0;0.001	cpd10516;-100;100;0.001	cpd00067;-100;100;0.001	cpd00001;-100;100;0.001	cpd00205;-100;100;0.001	cpd00254;-100;100;0.001	cpd00971;-100;100;0.001	cpd00007;-100;100;0.001	cpd00099;-100;100;0.001	cpd00058;-100;100;0.001	cpd00149;-100;100;0.001	cpd00030;-100;100;0.001	cpd00034;-100;100;0.001	cpd10515;-100;100;0.001	
Nitrogen-Ethanolamine	262/245/2	1	1	biolog	cpd00027;-100;5;0.001	cpd00162;-100;5;0.001	cpd00009;-100;5;0.001	cpd00048;-100;5;0.001	cpd00063;-100;100;0.001	cpd00011;-100;0;0.001	cpd10516;-100;100;0.001	cpd00067;-100;100;0.001	cpd00001;-100;100;0.001	cpd00205;-100;100;0.001	cpd00254;-100;100;0.001	cpd00971;-100;100;0.001	cpd00007;-100;100;0.001	cpd00099;-100;100;0.001	cpd00058;-100;100;0.001	cpd00149;-100;100;0.001	cpd00030;-100;100;0.001	cpd00034;-100;100;0.001	cpd10515;-100;100;0.001	
Nitrogen-N-Acetyl-D-L-Glutamic-Acid	262/254/2	1	1	biolog	cpd00027;-100;5;0.001	cpd00477;-100;5;0.001	cpd00009;-100;5;0.001	cpd00048;-100;5;0.001	cpd00063;-100;100;0.001	cpd00011;-100;100;0.001	cpd10516;-100;100;0.001	cpd00067;-100;100;0.001	cpd00001;-100;100;0.001	cpd00205;-100;100;0.001	cpd00254;-100;100;0.001	cpd00971;-100;100;0.001	cpd00007;-100;100;0.001	cpd00099;-100;100;0.001	cpd00058;-100;100;0.001	cpd00149;-100;100;0.001	cpd00030;-100;100;0.001	cpd00034;-100;100;0.001	cpd10515;-100;100;0.001	
Nitrogen-Uridine	262/260/2	1	1	biolog	cpd00027;-100;5;0.001	cpd00249;-100;5;0.001	cpd00009;-100;5;0.001	cpd00048;-100;5;0.001	cpd00063;-100;100;0.001	cpd00011;-100;0;0.001	cpd10516;-100;100;0.001	cpd00067;-100;100;0.001	cpd00001;-100;100;0.001	cpd00205;-100;100;0.001	cpd00254;-100;100;0.001	cpd00971;-100;100;0.001	cpd00007;-100;100;0.001	cpd00099;-100;100;0.001	cpd00058;-100;100;0.001	cpd00149;-100;100;0.001	cpd00030;-100;100;0.001	cpd00034;-100;100;0.001	cpd10515;-100;100;0.001	
Nitrogen-D-Galactosamine	262/268/2	1	1	biolog	cpd00027;-100;5;0.001	cpd01524;-100;5;0.001	cpd00009;-100;5;0.001	cpd00048;-100;5;0.001	cpd00063;-100;100;0.001	cpd00011;-100;0;0.001	cpd10516;-100;100;0.001	cpd00067;-100;100;0.001	cpd00001;-100;100;0.001	cpd00205;-100;100;0.001	cpd00254;-100;100;0.001	cpd00971;-100;100;0.001	cpd00007;-100;100;0.001	cpd00099;-100;100;0.001	cpd00058;-100;100;0.001	cpd00149;-100;100;0.001	cpd00030;-100;100;0.001	cpd00034;-100;100;0.001	cpd10515;-100;100;0.001	
Nitrogen-L-Lysine	262/273/2	1	1	biolog	cpd00027;-100;5;0.001	cpd00039;-100;5;0.001	cpd00009;-100;5;0.001	cpd00048;-100;5;0.001	cpd00063;-100;100;0.001	cpd00011;-100;0;0.001	cpd10516;-100;100;0.001	cpd00067;-100;100;0.001	cpd00001;-100;100;0.001	cpd00205;-100;100;0.001	cpd00254;-100;100;0.001	cpd00971;-100;100;0.001	cpd00007;-100;100;0.001	cpd00099;-100;100;0.001	cpd00058;-100;100;0.001	cpd00149;-100;100;0.001	cpd00030;-100;100;0.001	cpd00034;-100;100;0.001	cpd10515;-100;100;0.001	
Nitrogen-Gly-Gln	262/274/2	1	1	biolog	cpd00027;-100;5;0.001	cpd11580;-100;5;0.001	cpd00009;-100;5;0.001	cpd00048;-100;5;0.001	cpd00063;-100;100;0.001	cpd00011;-100;0;0.001	cpd10516;-100;100;0.001	cpd00067;-100;100;0.001	cpd00001;-100;100;0.001	cpd00205;-100;100;0.001	cpd00254;-100;100;0.001	cpd00971;-100;100;0.001	cpd00007;-100;100;0.001	cpd00099;-100;100;0.001	cpd00058;-100;100;0.001	cpd00149;-100;100;0.001	cpd00030;-100;100;0.001	cpd00034;-100;100;0.001	cpd10515;-100;100;0.001	
Nitrogen-L-Glutamic-Acid	262/276/2	1	1	biolog	cpd00027;-100;5;0.001	cpd00023;-100;5;0.001	cpd00009;-100;5;0.001	cpd00048;-100;5;0.001	cpd00063;-100;100;0.001	cpd00011;-100;0;0.001	cpd10516;-100;100;0.001	cpd00067;-100;100;0.001	cpd00001;-100;100;0.001	cpd00205;-100;100;0.001	cpd00254;-100;100;0.001	cpd00971;-100;100;0.001	cpd00007;-100;100;0.001	cpd00099;-100;100;0.001	cpd00058;-100;100;0.001	cpd00149;-100;100;0.001	cpd00030;-100;100;0.001	cpd00034;-100;100;0.001	cpd10515;-100;100;0.001	
Nitrogen-L-Methionine	262/293/2	1	1	biolog	cpd00027;-100;5;0.001	cpd00060;-100;5;0.001	cpd00009;-100;5;0.001	cpd00048;-100;5;0.001	cpd00063;-100;100;0.001	cpd00011;-100;0;0.001	cpd10516;-100;100;0.001	cpd00067;-100;100;0.001	cpd00001;-100;100;0.001	cpd00205;-100;100;0.001	cpd00254;-100;100;0.001	cpd00971;-100;100;0.001	cpd00007;-100;100;0.001	cpd00099;-100;100;0.001	cpd00058;-100;100;0.001	cpd00149;-100;100;0.001	cpd00030;-100;100;0.001	cpd00034;-100;100;0.001	cpd10515;-100;100;0.001	
Nitrogen-Histamine	262/298/2	1	1	biolog	cpd00027;-100;5;0.001	cpd00312;-100;5;0.001	cpd00009;-100;5;0.001	cpd00048;-100;5;0.001	cpd00063;-100;100;0.001	cpd00011;-100;0;0.001	cpd10516;-100;100;0.001	cpd00067;-100;100;0.001	cpd00001;-100;100;0.001	cpd00205;-100;100;0.001	cpd00254;-100;100;0.001	cpd00971;-100;100;0.001	cpd00007;-100;100;0.001	cpd00099;-100;100;0.001	cpd00058;-100;100;0.001	cpd00149;-100;100;0.001	cpd00030;-100;100;0.001	cpd00034;-100;100;0.001	cpd10515;-100;100;0.001	
Nitrogen-D-Glucosamine	262/304/1	1	1	biolog	cpd00027;-100;5;0.001	cpd00276;-100;5;0.001	cpd00009;-100;5;0.001	cpd00048;-100;5;0.001	cpd00063;-100;100;0.001	cpd00011;-100;0;0.001	cpd10516;-100;100;0.001	cpd00067;-100;100;0.001	cpd00001;-100;100;0.001	cpd00205;-100;100;0.001	cpd00254;-100;100;0.001	cpd00971;-100;100;0.001	cpd00007;-100;100;0.001	cpd00099;-100;100;0.001	cpd00058;-100;100;0.001	cpd00149;-100;100;0.001	cpd00030;-100;100;0.001	cpd00034;-100;100;0.001	cpd10515;-100;100;0.001	
Nitrogen-D-L-a-Amino-N-Butyric-Acid	262/336/1	1	1	biolog	cpd00027;-100;5;0.001	cpd01573;-100;5;0.001	cpd00009;-100;5;0.001	cpd00048;-100;5;0.001	cpd00063;-100;100;0.001	cpd00011;-100;100;0.001	cpd10516;-100;100;0.001	cpd00067;-100;100;0.001	cpd00001;-100;100;0.001	cpd00205;-100;100;0.001	cpd00254;-100;100;0.001	cpd00971;-100;100;0.001	cpd00007;-100;100;0.001	cpd00099;-100;100;0.001	cpd00058;-100;100;0.001	cpd00149;-100;100;0.001	cpd00030;-100;100;0.001	cpd00034;-100;100;0.001	cpd10515;-100;100;0.001	
Nitrogen-D-Aspartic-Acid	262/343/1	1	1	biolog	cpd00027;-100;5;0.001	cpd00320;-100;5;0.001	cpd00009;-100;5;0.001	cpd00048;-100;5;0.001	cpd00063;-100;100;0.001	cpd00011;-100;0;0.001	cpd10516;-100;100;0.001	cpd00067;-100;100;0.001	cpd00001;-100;100;0.001	cpd00205;-100;100;0.001	cpd00254;-100;100;0.001	cpd00971;-100;100;0.001	cpd00007;-100;100;0.001	cpd00099;-100;100;0.001	cpd00058;-100;100;0.001	cpd00149;-100;100;0.001	cpd00030;-100;100;0.001	cpd00034;-100;100;0.001	cpd10515;-100;100;0.001	
Nitrogen-Biuret	262/349/1	1	1	biolog	cpd00027;-100;5;0.001	cpd03963;-100;5;0.001	cpd00009;-100;5;0.001	cpd00048;-100;5;0.001	cpd00063;-100;100;0.001	cpd00011;-100;0;0.001	cpd10516;-100;100;0.001	cpd00067;-100;100;0.001	cpd00001;-100;100;0.001	cpd00205;-100;100;0.001	cpd00254;-100;100;0.001	cpd00971;-100;100;0.001	cpd00007;-100;100;0.001	cpd00099;-100;100;0.001	cpd00058;-100;100;0.001	cpd00149;-100;100;0.001	cpd00030;-100;100;0.001	cpd00034;-100;100;0.001	cpd10515;-100;100;0.001	
Nitrogen-Gly-Glu	262/352/1	1	1	biolog	cpd00027;-100;5;0.001	cpd11592;-100;5;0.001	cpd00009;-100;5;0.001	cpd00048;-100;5;0.001	cpd00063;-100;100;0.001	cpd00011;-100;0;0.001	cpd10516;-100;100;0.001	cpd00067;-100;100;0.001	cpd00001;-100;100;0.001	cpd00205;-100;100;0.001	cpd00254;-100;100;0.001	cpd00971;-100;100;0.001	cpd00007;-100;100;0.001	cpd00099;-100;100;0.001	cpd00058;-100;100;0.001	cpd00149;-100;100;0.001	cpd00030;-100;100;0.001	cpd00034;-100;100;0.001	cpd10515;-100;100;0.001	
Nitrogen-Ala-His	262/354/1	1	1	biolog	cpd00027;-100;5;0.001	cpd11584;-100;5;0.001	cpd00009;-100;5;0.001	cpd00048;-100;5;0.001	cpd00063;-100;100;0.001	cpd00011;-100;0;0.001	cpd10516;-100;100;0.001	cpd00067;-100;100;0.001	cpd00001;-100;100;0.001	cpd00205;-100;100;0.001	cpd00254;-100;100;0.001	cpd00971;-100;100;0.001	cpd00007;-100;100;0.001	cpd00099;-100;100;0.001	cpd00058;-100;100;0.001	cpd00149;-100;100;0.001	cpd00030;-100;100;0.001	cpd00034;-100;100;0.001	cpd10515;-100;100;0.001	
Nitrogen-Gly-Asn	262/356/1	1	1	biolog	cpd00027;-100;5;0.001	cpd11581;-100;5;0.001	cpd00009;-100;5;0.001	cpd00048;-100;5;0.001	cpd00063;-100;100;0.001	cpd00011;-100;0;0.001	cpd10516;-100;100;0.001	cpd00067;-100;100;0.001	cpd00001;-100;100;0.001	cpd00205;-100;100;0.001	cpd00254;-100;100;0.001	cpd00971;-100;100;0.001	cpd00007;-100;100;0.001	cpd00099;-100;100;0.001	cpd00058;-100;100;0.001	cpd00149;-100;100;0.001	cpd00030;-100;100;0.001	cpd00034;-100;100;0.001	cpd10515;-100;100;0.001	
Nitrogen-Formamide	262/358/1	1	1	biolog	cpd00027;-100;5;0.001	cpd00378;-100;5;0.001	cpd00009;-100;5;0.001	cpd00048;-100;5;0.001	cpd00063;-100;100;0.001	cpd00011;-100;0;0.001	cpd10516;-100;100;0.001	cpd00067;-100;100;0.001	cpd00001;-100;100;0.001	cpd00205;-100;100;0.001	cpd00254;-100;100;0.001	cpd00971;-100;100;0.001	cpd00007;-100;100;0.001	cpd00099;-100;100;0.001	cpd00058;-100;100;0.001	cpd00149;-100;100;0.001	cpd00030;-100;100;0.001	cpd00034;-100;100;0.001	cpd10515;-100;100;0.001	
Nitrogen-Allantoin	262/359/1	1	1	biolog	cpd00027;-100;5;0.001	cpd01092;-100;5;0.001	cpd00009;-100;5;0.001	cpd00048;-100;5;0.001	cpd00063;-100;100;0.001	cpd00011;-100;0;0.001	cpd10516;-100;100;0.001	cpd00067;-100;100;0.001	cpd00001;-100;100;0.001	cpd00205;-100;100;0.001	cpd00254;-100;100;0.001	cpd00971;-100;100;0.001	cpd00007;-100;100;0.001	cpd00099;-100;100;0.001	cpd00058;-100;100;0.001	cpd00149;-100;100;0.001	cpd00030;-100;100;0.001	cpd00034;-100;100;0.001	cpd10515;-100;100;0.001	
Nitrogen-L-Threonine	262/365/1	1	1	biolog	cpd00027;-100;5;0.001	cpd00161;-100;5;0.001	cpd00009;-100;5;0.001	cpd00048;-100;5;0.001	cpd00063;-100;100;0.001	cpd00011;-100;0;0.001	cpd10516;-100;100;0.001	cpd00067;-100;100;0.001	cpd00001;-100;100;0.001	cpd00205;-100;100;0.001	cpd00254;-100;100;0.001	cpd00971;-100;100;0.001	cpd00007;-100;100;0.001	cpd00099;-100;100;0.001	cpd00058;-100;100;0.001	cpd00149;-100;100;0.001	cpd00030;-100;100;0.001	cpd00034;-100;100;0.001	cpd10515;-100;100;0.001	
Nitrogen-L-Phenylalanine	262/376/1	1	1	biolog	cpd00027;-100;5;0.001	cpd00066;-100;5;0.001	cpd00009;-100;5;0.001	cpd00048;-100;5;0.001	cpd00063;-100;100;0.001	cpd00011;-100;0;0.001	cpd10516;-100;100;0.001	cpd00067;-100;100;0.001	cpd00001;-100;100;0.001	cpd00205;-100;100;0.001	cpd00254;-100;100;0.001	cpd00971;-100;100;0.001	cpd00007;-100;100;0.001	cpd00099;-100;100;0.001	cpd00058;-100;100;0.001	cpd00149;-100;100;0.001	cpd00030;-100;100;0.001	cpd00034;-100;100;0.001	cpd10515;-100;100;0.001	
Nitrogen-Ammonia	262/380/1	1	1	biolog	cpd00027;-100;5;0.001	cpd00013;-100;5;0.001	cpd00009;-100;5;0.001	cpd00048;-100;5;0.001	cpd00063;-100;100;0.001	cpd00011;-100;0;0.001	cpd10516;-100;100;0.001	cpd00067;-100;100;0.001	cpd00001;-100;100;0.001	cpd00205;-100;100;0.001	cpd00254;-100;100;0.001	cpd00971;-100;100;0.001	cpd00007;-100;100;0.001	cpd00099;-100;100;0.001	cpd00058;-100;100;0.001	cpd00149;-100;100;0.001	cpd00030;-100;100;0.001	cpd00034;-100;100;0.001	cpd10515;-100;100;0.001	
Nitrogen-L-Arginine	262/383/1	1	1	biolog	cpd00027;-100;5;0.001	cpd00051;-100;5;0.001	cpd00009;-100;5;0.001	cpd00048;-100;5;0.001	cpd00063;-100;100;0.001	cpd00011;-100;0;0.001	cpd10516;-100;100;0.001	cpd00067;-100;100;0.001	cpd00001;-100;100;0.001	cpd00205;-100;100;0.001	cpd00254;-100;100;0.001	cpd00971;-100;100;0.001	cpd00007;-100;100;0.001	cpd00099;-100;100;0.001	cpd00058;-100;100;0.001	cpd00149;-100;100;0.001	cpd00030;-100;100;0.001	cpd00034;-100;100;0.001	cpd10515;-100;100;0.001	
Nitrogen-L-Tryptophan	262/401/1	1	1	biolog	cpd00027;-100;5;0.001	cpd00065;-100;5;0.001	cpd00009;-100;5;0.001	cpd00048;-100;5;0.001	cpd00063;-100;100;0.001	cpd00011;-100;0;0.001	cpd10516;-100;100;0.001	cpd00067;-100;100;0.001	cpd00001;-100;100;0.001	cpd00205;-100;100;0.001	cpd00254;-100;100;0.001	cpd00971;-100;100;0.001	cpd00007;-100;100;0.001	cpd00099;-100;100;0.001	cpd00058;-100;100;0.001	cpd00149;-100;100;0.001	cpd00030;-100;100;0.001	cpd00034;-100;100;0.001	cpd10515;-100;100;0.001	
Nitrogen-Hydroxylamine	262/408/1	1	1	biolog	cpd00027;-100;5;0.001	cpd00165;-100;5;0.001	cpd00009;-100;5;0.001	cpd00048;-100;5;0.001	cpd00063;-100;100;0.001	cpd00011;-100;0;0.001	cpd10516;-100;100;0.001	cpd00067;-100;100;0.001	cpd00001;-100;100;0.001	cpd00205;-100;100;0.001	cpd00254;-100;100;0.001	cpd00971;-100;100;0.001	cpd00007;-100;100;0.001	cpd00099;-100;100;0.001	cpd00058;-100;100;0.001	cpd00149;-100;100;0.001	cpd00030;-100;100;0.001	cpd00034;-100;100;0.001	cpd10515;-100;100;0.001	
Nitrogen-Guanosine	262/412/1	1	1	biolog	cpd00027;-100;5;0.001	cpd00311;-100;5;0.001	cpd00009;-100;5;0.001	cpd00048;-100;5;0.001	cpd00063;-100;100;0.001	cpd00011;-100;0;0.001	cpd10516;-100;100;0.001	cpd00067;-100;100;0.001	cpd00001;-100;100;0.001	cpd00205;-100;100;0.001	cpd00254;-100;100;0.001	cpd00971;-100;100;0.001	cpd00007;-100;100;0.001	cpd00099;-100;100;0.001	cpd00058;-100;100;0.001	cpd00149;-100;100;0.001	cpd00030;-100;100;0.001	cpd00034;-100;100;0.001	cpd10515;-100;100;0.001	
Nitrogen-L-Leucine	262/416/1	1	1	biolog	cpd00027;-100;5;0.001	cpd00107;-100;5;0.001	cpd00009;-100;5;0.001	cpd00048;-100;5;0.001	cpd00063;-100;100;0.001	cpd00011;-100;0;0.001	cpd10516;-100;100;0.001	cpd00067;-100;100;0.001	cpd00001;-100;100;0.001	cpd00205;-100;100;0.001	cpd00254;-100;100;0.001	cpd00971;-100;100;0.001	cpd00007;-100;100;0.001	cpd00099;-100;100;0.001	cpd00058;-100;100;0.001	cpd00149;-100;100;0.001	cpd00030;-100;100;0.001	cpd00034;-100;100;0.001	cpd10515;-100;100;0.001	
Nitrogen-Ala-Thr	262/421/1	1	1	biolog	cpd00027;-100;5;0.001	cpd11582;-100;5;0.001	cpd00009;-100;5;0.001	cpd00048;-100;5;0.001	cpd00063;-100;100;0.001	cpd00011;-100;0;0.001	cpd10516;-100;100;0.001	cpd00067;-100;100;0.001	cpd00001;-100;100;0.001	cpd00205;-100;100;0.001	cpd00254;-100;100;0.001	cpd00971;-100;100;0.001	cpd00007;-100;100;0.001	cpd00099;-100;100;0.001	cpd00058;-100;100;0.001	cpd00149;-100;100;0.001	cpd00030;-100;100;0.001	cpd00034;-100;100;0.001	cpd10515;-100;100;0.001	
Nitrogen-Cytosine	262/438/1	1	1	biolog	cpd00027;-100;5;0.001	cpd00307;-100;5;0.001	cpd00009;-100;5;0.001	cpd00048;-100;5;0.001	cpd00063;-100;100;0.001	cpd00011;-100;0;0.001	cpd10516;-100;100;0.001	cpd00067;-100;100;0.001	cpd00001;-100;100;0.001	cpd00205;-100;100;0.001	cpd00254;-100;100;0.001	cpd00971;-100;100;0.001	cpd00007;-100;100;0.001	cpd00099;-100;100;0.001	cpd00058;-100;100;0.001	cpd00149;-100;100;0.001	cpd00030;-100;100;0.001	cpd00034;-100;100;0.001	cpd10515;-100;100;0.001	
Nitrogen-Putrescine	262/440/1	1	1	biolog	cpd00027;-100;5;0.001	cpd00118;-100;5;0.001	cpd00009;-100;5;0.001	cpd00048;-100;5;0.001	cpd00063;-100;100;0.001	cpd00011;-100;0;0.001	cpd10516;-100;100;0.001	cpd00067;-100;100;0.001	cpd00001;-100;100;0.001	cpd00205;-100;100;0.001	cpd00254;-100;100;0.001	cpd00971;-100;100;0.001	cpd00007;-100;100;0.001	cpd00099;-100;100;0.001	cpd00058;-100;100;0.001	cpd00149;-100;100;0.001	cpd00030;-100;100;0.001	cpd00034;-100;100;0.001	cpd10515;-100;100;0.001	
Nitrogen-L-Serine	262/441/1	1	1	biolog	cpd00027;-100;5;0.001	cpd00054;-100;5;0.001	cpd00009;-100;5;0.001	cpd00048;-100;5;0.001	cpd00063;-100;100;0.001	cpd00011;-100;0;0.001	cpd10516;-100;100;0.001	cpd00067;-100;100;0.001	cpd00001;-100;100;0.001	cpd00205;-100;100;0.001	cpd00254;-100;100;0.001	cpd00971;-100;100;0.001	cpd00007;-100;100;0.001	cpd00099;-100;100;0.001	cpd00058;-100;100;0.001	cpd00149;-100;100;0.001	cpd00030;-100;100;0.001	cpd00034;-100;100;0.001	cpd10515;-100;100;0.001	
Nitrogen-D-Mannosamine	262/453/1	1	1	biolog	cpd00027;-100;5;0.001	cpd02241;-100;5;0.001	cpd00009;-100;5;0.001	cpd00048;-100;5;0.001	cpd00063;-100;100;0.001	cpd00011;-100;0;0.001	cpd10516;-100;100;0.001	cpd00067;-100;100;0.001	cpd00001;-100;100;0.001	cpd00205;-100;100;0.001	cpd00254;-100;100;0.001	cpd00971;-100;100;0.001	cpd00007;-100;100;0.001	cpd00099;-100;100;0.001	cpd00058;-100;100;0.001	cpd00149;-100;100;0.001	cpd00030;-100;100;0.001	cpd00034;-100;100;0.001	cpd10515;-100;100;0.001	
Nitrogen-Ala-Gln	262/463/1	1	1	biolog	cpd00027;-100;5;0.001	cpd11587;-100;5;0.001	cpd00009;-100;5;0.001	cpd00048;-100;5;0.001	cpd00063;-100;100;0.001	cpd00011;-100;0;0.001	cpd10516;-100;100;0.001	cpd00067;-100;100;0.001	cpd00001;-100;100;0.001	cpd00205;-100;100;0.001	cpd00254;-100;100;0.001	cpd00971;-100;100;0.001	cpd00007;-100;100;0.001	cpd00099;-100;100;0.001	cpd00058;-100;100;0.001	cpd00149;-100;100;0.001	cpd00030;-100;100;0.001	cpd00034;-100;100;0.001	cpd10515;-100;100;0.001	
Nitrogen-e-Amino-N-Caproic-Acid	262/468/1	1	1	biolog	cpd00027;-100;5;0.001	cpd01588;-100;5;0.001	cpd00009;-100;5;0.001	cpd00048;-100;5;0.001	cpd00063;-100;100;0.001	cpd00011;-100;100;0.001	cpd10516;-100;100;0.001	cpd00067;-100;100;0.001	cpd00001;-100;100;0.001	cpd00205;-100;100;0.001	cpd00254;-100;100;0.001	cpd00971;-100;100;0.001	cpd00007;-100;100;0.001	cpd00099;-100;100;0.001	cpd00058;-100;100;0.001	cpd00149;-100;100;0.001	cpd00030;-100;100;0.001	cpd00034;-100;100;0.001	cpd10515;-100;100;0.001	
Nitrogen-Adenine	262/470/1	1	1	biolog	cpd00027;-100;5;0.001	cpd00128;-100;5;0.001	cpd00009;-100;5;0.001	cpd00048;-100;5;0.001	cpd00063;-100;100;0.001	cpd00011;-100;0;0.001	cpd10516;-100;100;0.001	cpd00067;-100;100;0.001	cpd00001;-100;100;0.001	cpd00205;-100;100;0.001	cpd00254;-100;100;0.001	cpd00971;-100;100;0.001	cpd00007;-100;100;0.001	cpd00099;-100;100;0.001	cpd00058;-100;100;0.001	cpd00149;-100;100;0.001	cpd00030;-100;100;0.001	cpd00034;-100;100;0.001	cpd10515;-100;100;0.001	
Nitrogen-L-Histidine	262/477/1	1	1	biolog	cpd00027;-100;5;0.001	cpd00119;-100;5;0.001	cpd00009;-100;5;0.001	cpd00048;-100;5;0.001	cpd00063;-100;100;0.001	cpd00011;-100;0;0.001	cpd10516;-100;100;0.001	cpd00067;-100;100;0.001	cpd00001;-100;100;0.001	cpd00205;-100;100;0.001	cpd00254;-100;100;0.001	cpd00971;-100;100;0.001	cpd00007;-100;100;0.001	cpd00099;-100;100;0.001	cpd00058;-100;100;0.001	cpd00149;-100;100;0.001	cpd00030;-100;100;0.001	cpd00034;-100;100;0.001	cpd10515;-100;100;0.001	
Nitrogen-Gly-Met	262/481/1	1	1	biolog	cpd00027;-100;5;0.001	cpd11591;-100;5;0.001	cpd00009;-100;5;0.001	cpd00048;-100;5;0.001	cpd00063;-100;100;0.001	cpd00011;-100;0;0.001	cpd10516;-100;100;0.001	cpd00067;-100;100;0.001	cpd00001;-100;100;0.001	cpd00205;-100;100;0.001	cpd00254;-100;100;0.001	cpd00971;-100;100;0.001	cpd00007;-100;100;0.001	cpd00099;-100;100;0.001	cpd00058;-100;100;0.001	cpd00149;-100;100;0.001	cpd00030;-100;100;0.001	cpd00034;-100;100;0.001	cpd10515;-100;100;0.001	
Nitrogen-Methylamine	262/483/1	1	1	biolog	cpd00027;-100;5;0.001	cpd00187;-100;5;0.001	cpd00009;-100;5;0.001	cpd00048;-100;5;0.001	cpd00063;-100;100;0.001	cpd00011;-100;0;0.001	cpd10516;-100;100;0.001	cpd00067;-100;100;0.001	cpd00001;-100;100;0.001	cpd00205;-100;100;0.001	cpd00254;-100;100;0.001	cpd00971;-100;100;0.001	cpd00007;-100;100;0.001	cpd00099;-100;100;0.001	cpd00058;-100;100;0.001	cpd00149;-100;100;0.001	cpd00030;-100;100;0.001	cpd00034;-100;100;0.001	cpd10515;-100;100;0.001	
Nitrogen-Xanthosine	262/492/1	1	1	biolog	cpd00027;-100;5;0.001	cpd01217;-100;5;0.001	cpd00009;-100;5;0.001	cpd00048;-100;5;0.001	cpd00063;-100;100;0.001	cpd00011;-100;0;0.001	cpd10516;-100;100;0.001	cpd00067;-100;100;0.001	cpd00001;-100;100;0.001	cpd00205;-100;100;0.001	cpd00254;-100;100;0.001	cpd00971;-100;100;0.001	cpd00007;-100;100;0.001	cpd00099;-100;100;0.001	cpd00058;-100;100;0.001	cpd00149;-100;100;0.001	cpd00030;-100;100;0.001	cpd00034;-100;100;0.001	cpd10515;-100;100;0.001	
Nitrogen-Thymine	262/505/1	1	1	biolog	cpd00027;-100;5;0.001	cpd00151;-100;5;0.001	cpd00009;-100;5;0.001	cpd00048;-100;5;0.001	cpd00063;-100;100;0.001	cpd00011;-100;0;0.001	cpd10516;-100;100;0.001	cpd00067;-100;100;0.001	cpd00001;-100;100;0.001	cpd00205;-100;100;0.001	cpd00254;-100;100;0.001	cpd00971;-100;100;0.001	cpd00007;-100;100;0.001	cpd00099;-100;100;0.001	cpd00058;-100;100;0.001	cpd00149;-100;100;0.001	cpd00030;-100;100;0.001	cpd00034;-100;100;0.001	cpd10515;-100;100;0.001	
Nitrogen-d-Amino-N-Valeric-Acid	262/511/1	1	1	biolog	cpd00027;-100;5;0.001	cpd00339;-100;5;0.001	cpd00009;-100;5;0.001	cpd00048;-100;5;0.001	cpd00063;-100;100;0.001	cpd00011;-100;100;0.001	cpd10516;-100;100;0.001	cpd00067;-100;100;0.001	cpd00001;-100;100;0.001	cpd00205;-100;100;0.001	cpd00254;-100;100;0.001	cpd00971;-100;100;0.001	cpd00007;-100;100;0.001	cpd00099;-100;100;0.001	cpd00058;-100;100;0.001	cpd00149;-100;100;0.001	cpd00030;-100;100;0.001	cpd00034;-100;100;0.001	cpd10515;-100;100;0.001	
Nitrogen-Agmatine	262/519/1	1	1	biolog	cpd00027;-100;5;0.001	cpd00152;-100;5;0.001	cpd00009;-100;5;0.001	cpd00048;-100;5;0.001	cpd00063;-100;100;0.001	cpd00011;-100;0;0.001	cpd10516;-100;100;0.001	cpd00067;-100;100;0.001	cpd00001;-100;100;0.001	cpd00205;-100;100;0.001	cpd00254;-100;100;0.001	cpd00971;-100;100;0.001	cpd00007;-100;100;0.001	cpd00099;-100;100;0.001	cpd00058;-100;100;0.001	cpd00149;-100;100;0.001	cpd00030;-100;100;0.001	cpd00034;-100;100;0.001	cpd10515;-100;100;0.001	
PlantNitrogenMedia	262/531/2	1	0	unspecified	cpd00013;-1000;4;0.001	cpd00048;-1000;1000;0.001	cpd00067;-1000;1000;0.001	cpd11632;-1000;1000;0.001	cpd00254;-1000;1000;0.001	cpd00011;-1000;1000;0.001	cpd00007;-1000;1000;0.001	cpd00009;-1000;1000;0.001	cpd00001;-1000;1000;0.001	cpd00099;-1000;1000;0.001	cpd00205;-1000;1000;0.001	cpd10515;-1000;1000;0.001	
